train_accuracy,train_loss,test_accuracy,test_loss
0.6193860173225403,1.0390108823776245,0.6752312183380127,1.0222147703170776
